[
  {
    "nombre": "Haciendas",
    "telefono": "449-536-02-84",
    "whatsapp": "4495360249",
    "fraccionamientos": [
      "Municipio Libre (Barberena a Estación)",
      "El Riego",
      "Terranova (Ranchos de solo vistas las cumbres)",
      "Haciendas de Aguascalientes",
      "Real de Haciendas",
      "Real del Sol",
      "Villas",
      "Ojocaliente III (hasta el Macho, 1ª y 2ª sección)",
      "Vistas de Oriente",
      "Balcones de Oriente",
      "Colinas de San Patricio",
      "Guadalupe Posada"
    ]
  },
  {
    "nombre": "Abastos",
    "telefono": "449-971-02-00",
    "whatsapp": "4499710201",
    "fraccionamientos": [
      "San Pedro",
      "Torres de San Francisco",
      "Villas del Encino",
      "La Casita",
      "Casa Sólida",
      "Bosque Providencia",
      "Villas de San José",
      "Australis",
      "San Francisco del Arenal",
      "San Gerardo (Minth, Tokaikogio, Parque Industrial Siglo XXI)",
      "Lucerna",
      "Vista Alegre",
      "Jatco",
      "Nissan",
      "Villasur",
      "Bonaterra",
      "San Sebastián",
      "Laureles del Sur",
      "Lomas del Sur",
      "Villa Fontana",
      "Ciudad Industrial",
      "Norias del Cedazo",
      "El Gigante",
      "Montoro",
      "Ejido de Peñuelas",
      "San Antonio de Peñuelas",
      "Refugio de Peñuelas",
      "Coyotes",
      "Compass",
      "Nissan 2",
      "Jatco 2"
    ]
  },
  {
    "nombre": "Plaza Guadalupe",
    "telefono": "449-993-63-00",
    "whatsapp": "4499936301",
    "fraccionamientos": [
      "Municipio Libre hasta Barberena Vega",
      "Pericos",
      "Miradores en General",
      "Laureles",
      "Rodolfo Landeros",
      "Colinas de Oriente",
      "La Nueva Florida",
      "Villas de Santa Teresita",
      "La Florida",
      "Claustros de Loma Dorada",
      "Palomino",
      "Anexo Palomino",
      "Cumbres 3",
      "Cumbres 2",
      "Cumbres 1 (Ejido las Cumbres)",
      "Lomas de Oriente",
      "Pensadores Mexicanos",
      "Pintores Mexicanos",
      "La Estrella",
      "El Cobano",
      "Santa Anita 4ta",
      "Santa Anita",
      "Lomas de Santa Anita",
      "Stema",
      "Indeco",
      "Progreso",
      "Nazario Ortiz Garza",
      "Villa Bonita"
    ]
  },
  {
    "nombre": "CANTERAS",
    "telefono": "449-976-29-01",
    "whatsapp": "4499762900",
    "fraccionamientos": [
      "Alberia",
      "Azul Vasconcelos",
      "Bosque Sereno",
      "Canteras de San Agustín",
      "Canteras de San Javier",
      "Canteras de San José",
      "Coto San Nicolás",
      "Curtidores",
      "Desierto de los Leones",
      "Drinkintown Gotcha",
      "El Vergel",
      "Eucaliptos 1",
      "Eucaliptos 2",
      "Ex Hacienda La Cantera",
      "Fracc. San Marcos",
      "Francisco Villa",
      "Fuentes de Lago",
      "Gómez Morín",
      "Grand Motel",
      "Hacienda Nueva",
      "Jardines de Lago",
      "La Perla",
      "La Rioja",
      "La Soledad",
      "La Trinidad",
      "Loma Bonita",
      "Los Negritos",
      "Misión de San Gerónimo",
      "Nueva Castilla",
      "Olinda",
      "Penal",
      "Pirules",
      "Porta Canteras",
      "Puestas del Sol",
      "Río San Pedro",
      "San Ignacio",
      "San Martín de la Cantera",
      "Santa Imelda",
      "UTA",
      "Valle Redondo",
      "Vergelitos",
      "Villas de la Cantera",
      "Villas del Mediterráneo",
      "Viñedos San Felipe",
      "Xenia"
    ]
  },
    {
    "nombre": "Plaza Santa Maria (Calicantos)",
    "telefono": "449-567-8901",
    "whatsapp": "4495678901",
    "fraccionamientos": [
      "Calicantos",
      "Plaza Santa María",
      "Colonia Calicantos",
      "Santa María"
    ]
  },
   {
    "nombre": "Plaza Santa Maria (Calicantos)",
    "telefono": "449-567-8901",
    "whatsapp": "4495678901",
    "fraccionamientos": [
      "Calicantos",
      "Plaza Santa María",
      "Colonia Calicantos",
      "Santa María"
    ]
  },
   {
    "nombre": "Villas de Nuestra Señora de la Asuncion",
    "telefono": "449-567-8901",
    "whatsapp": "4495678901",
    "fraccionamientos": [
      "Calicantos",
      "Plaza Santa María",
      "Colonia Calicantos",
      "Santa María"
    ]
  },
  {
    "nombre": "Villasuncion",
    "telefono": "449-567-8901",
    "whatsapp": "4495678901",
    "fraccionamientos": [
      "Rancho Santa Mónica",
      "Rinconada Santa Mónica",
      "Paseos de Santa Mónica",
      "Mangata",
      "Villas de San Antonio",
      "Olinda",
      "Villas del Mediterráneo",
      "Vistas del Sur",
      "Villas del Oeste",
      "Villas del Pilar",
      "Insurgentes",
      "Pilar Blanco",
      "Martínez Domínguez",
      "Potreros del Oeste",
      "Jardines del Sur",
      "Prados del Sur",
      "Prados de Villasunción",
      "Trojes del Sur",
      "Rinconada del Parque",
      "Jardines del Parque",
      "Pirámides",
      "La México",
      "Inf. Ojo de Agua",
      "Jardines de Aguascalientes",
      "Jardines de la Asunción",
      "Jardines de la Luz",
      "Fuentes de la Asunción",
      "Jardines de Bugambilias",
      "Villas de Santa Rosa",
      "La Estancia",
      "Villa Jardín 1",
      "Villa Jardín 2",
      "Torres de San Francisco",
      "San Pedro Sur",
      "Villas del Encino",
      "Casa Blanca"
    ]
  },
  {
    "nombre": "Ojocaliente",
    "telefono": "449-567-8901",
    "whatsapp": "4495678901",
    "fraccionamientos": [
      "Balcones de Oriente",
      "Bonagens",
      "Colinas de Oriente",
      "Colonia del Trabajo",
      "Colonia Héroes",
      "El Riego",
      "El Rocío",
      "Ex Ejido Ojocaliente",
      "Ex Hacienda",
      "Residencial Hacienda",
      "Ferronales",
      "Fidel Velázquez",
      "Fovissste Ojocaliente I y II",
      "Gómez Portugal (Cerrito)",
      "Guadalupe Posada",
      "Haciendas de Aguascalientes",
      "Horizontal del Valle",
      "Infonavit Morelos",
      "Lomas de Santa Anita",
      "Misión Alameda",
      "Municipio Libre",
      "Nueva Alameda",
      "Ojocaliente I, II, III, IV",
      "Ojocaliente I.N.E.G.I.",
      "Ojocaliente Las Torres",
      "Paseos del Sol",
      "Real de Haciendas",
      "Rinconada Alameda",
      "Rodolfo Landeros (antes de 3er Anillo)",
      "Santa Anita 1era Sección",
      "Santa Anita 2da Sección",
      "Santa Anita IV Sección",
      "S.T.E.M.A.",
      "Terranova",
      "Villas de Ojocaliente",
      "Villeriás",
      "Vistas de Oriente",
      "Vistas de las Cumbres",
      "Volcanes",
      "Clínica 2",
      "Clínica 9",
      "Clínica 8",
      "Plaza Espacio",
      "Parque El Cedazo",
      "Parque La Pona",
      "Baños Termales",
      "Balneario Ojocaliente",
      "Bosques de la Alameda",
      "Fraccionamiento Alameda",
      "Real del Sol",
      "Haciendas de Ojocaliente",
      "Torres de Ojocaliente",
      "Colinas de San Patricio"
    ]
  },
  {
    "nombre": "Americas",
    "telefono": "449-567-8901",
    "whatsapp": "4495678901",
    "fraccionamientos": [
      "Del Lado Sur",
      "El Dorado",
      "Primera y Segunda Sección",
      "Versalles Primera y Segunda Sección",
      "Insurgente Segunda Sección",
      "Villas de San Antonio",
      "Vicente Guerrero",
      "José López Portillo",
      "Barranca",
      "Nueva España",
      "La España",
      "Hermanos Carreón",
      "Barranca de Guadalupe",
      "Los Pirules",
      "Bulevares",
      "Jardines del Sur",
      "Agricultura",
      "Jardines de Santa Elena",
      "La Fuerte",
      "Obraje",
      "Las Flores",
      "Los Cedros",
      "Barrio del Encino",
      "La Salud",
      "Linda Vista",
      "El Caminero",
      "Del Valle Primera y Segunda Sección",
      "Modelo",
      "Moderno",
      "San Marcos",
      "Barrio de Guadalupe",
      "La San Marcos",
      "Barrio de San Marcos"
    ]
  },
  {
    "nombre": "La Ribera",
    "telefono": "449-567-8901",
    "whatsapp": "4495678901",
    "fraccionamientos": [
      "Vista Serena",
      "Monte Verde",
      "La Ribera"]
  },
    {
    "nombre": "Haciendas San Marcos",
    "telefono": "449-567-8901",
    "whatsapp": "4495678901",
    "fraccionamientos": [
      "Paseos del Sur",
      "Paseos de San Antonio",
      "Viñedos del Sur",
      "Los Arrellanos",
      "Lomas de New York",
      "Vista Alegre"
    ]
  },
  {
    "nombre": "Vista Bella",
    "telefono": "449-567-8901",
    "whatsapp": "4495678901",
    "fraccionamientos": [
      "Renacimiento",
      "Lomas de San Jorge",
      "Villa Taurina",
      "Villa las Palmas III",
      "Solidaridad II y IV",
      "Fundadores",
      "Villa Alta",
      "Emiliano Zapata",
      "Pirámides",
      "La México",
      "C4, Hospital de la Mujer",
      "Mujeres Ilustres",
      "Casablanca",
      "Morelos 1",
      "Periodistas",
      "Lomas del Mirador",
      "Lomas de Viotabella",
      "Lomas del Ajedrez",
      "Misión de Santa Lucía",
      "Morelos II"
    ]
  },
  {
    "nombre": "Siglo XXI / Solidaridad",
    "telefono": "449-678-9012",
    "whatsapp": "4496789012",
    "fraccionamientos": [
      "Balcones de Oriente",
      "Camino Real",
      "Colinas de San Patricio",
      "Guadalupe Posada",
      "Haciendas de Aguascalientes",
      "Ojocaliente 2 y 3",
      "Ojocaliente Las Torres",
      "Vistas de Oriente 1 y 2",
      "2 de Octubre",
      "Ambrosía",
      "Balcones del Valle",
      "Conejal",
      "Guadalupe Peralta",
      "Mirador IV Azteca",
      "Molinos del Rey",
      "Norias de Ojocaliente",
      "Rivera del Sol",
      "Sol Naciente",
      "Solidaridad 1",
      "Valle de los Cactus",
      "Villa de las Norias",
      "Agua Clara",
      "Asturias",
      "Bajío Las Palmas",
      "Balcones de Ojocaliente",
      "Calvillito",
      "Cd. Gótica",
      "Cedazo",
      "Cielo Claro",
      "Emiliano Zapata",
      "Infonavit Morelos",
      "Lomas de San Jorge",
      "Lomas del Chapulín",
      "Lomas del Gachupín",
      "Morelos 1 y 2",
      "Norias de Paso Hondo",
      "Ojo de Agua de Palmitas",
      "Palmas del Jardín",
      "Parque El Cedazo",
      "Relicario",
      "Rinconada San Antonio",
      "Salto de Ojocaliente",
      "San Ángel",
      "San Jorge",
      "Solidaridad 2, 3 y 4",
      "Terraza",
      "Tierra Buena",
      "Valle del Cedazo",
      "Villa Alta",
      "Villa Las Palmas 1, 2 y 3",
      "Villa Taurina",
      "Villas del Chapulín"
    ]
  }
]